cadastral_number,su_nmb,x,y
47:20:0835002:2,1,6583287.36,299533.80
47:20:0835002:2,2,6583468.93,299559.54
47:20:0835002:2,3,6583437.31,299726.78
47:20:0835002:2,4,6583353.45,299723.11
47:20:0835002:2,5,6583299.07,299723.12
47:20:0835002:2,6,6583273.77,299663.35
47:20:0835002:2,7,6583268.64,299623.93
47:20:0835002:2,1,6583287.36,299533.80
47:20:0835002:3,1,6583486.40,299964.20
47:20:0835002:3,2,6583603,299870.80
47:20:0835002:3,3,6584219,299881.30
47:20:0835002:3,4,6584246.50,299924.80
47:20:0835002:3,5,6583842.70,300306
47:20:0835002:3,6,6583598.80,300067.70
47:20:0835002:3,1,6583486.40,299964.20
47:20:0835002:4,1,6581318.56,300040.31
47:20:0835002:4,2,6581320.89,300040.26
47:20:0835002:4,3,6581320.89,300040.26
47:20:0835002:4,4,6581359.59,300098.54
47:20:0835002:4,5,6581358.53,300100.67
47:20:0835002:4,6,6581358.53,300100.67
47:20:0835002:4,7,6581288.60,300104.88
47:20:0835002:4,8,6581287.10,300103.02
47:20:0835002:4,9,6581287.10,300103.02
47:20:0835002:4,1,6581318.56,300040.31
47:20:0835002:5,1,6583869.97,300941.78
47:20:0835002:5,2,6583969.31,300990.47
47:20:0835002:5,3,6584004.88,300994.88
47:20:0835002:5,4,6584095.01,301027.28
47:20:0835002:5,5,6583955.93,301326.89
47:20:0835002:5,6,6583737.97,301225.16
47:20:0835002:5,1,6583869.97,300941.78
47:20:0835002:27,1,6584106.22,301495.12
47:20:0835002:27,2,6584063.11,301554.43
47:20:0835002:27,3,6583728.19,301401.44
47:20:0835002:27,4,6583761.88,301334.82
47:20:0835002:27,1,6584106.22,301495.12
47:20:0835002:28,1,6584063.11,301554.43
47:20:0835002:28,2,6584017.16,301617.22
47:20:0835002:28,3,6583714.36,301482.96
47:20:0835002:28,4,6583728.19,301401.44
47:20:0835002:28,1,6584063.11,301554.43
47:20:0835002:34,1,6583643.90,300758
47:20:0835002:34,2,6583708.48,300791.90
47:20:0835002:34,3,6583752.77,300831.70
47:20:0835002:34,4,6583818.01,300911.21
47:20:0835002:34,5,6583683.98,301198.94
47:20:0835002:34,6,6583512.57,301117.53
47:20:0835002:34,7,6583573.50,300992.50
47:20:0835002:34,8,6583627.21,301028.42
47:20:0835002:34,9,6583641.40,301015.28
47:20:0835002:34,10,6583644.70,301006.17
47:20:0835002:34,11,6583655.50,300994.50
47:20:0835002:34,12,6583668.27,300993.50
47:20:0835002:34,13,6583680,300978.70
47:20:0835002:34,14,6583673.50,300966.50
47:20:0835002:34,15,6583631.40,300937.93
47:20:0835002:34,16,6583603.30,300892.90
47:20:0835002:34,17,6583580.70,300839.86
47:20:0835002:34,18,6583545.50,300806.30
47:20:0835002:34,19,6583504,300788.20
47:20:0835002:34,20,6583494.20,300771.50
47:20:0835002:34,21,6583500.75,300748.85
47:20:0835002:34,22,6583522.65,300731.55
47:20:0835002:34,23,6583571.90,300728.40
47:20:0835002:34,1,6583643.90,300758
47:20:0835002:43,1,6582719.97,301205.98
47:20:0835002:43,2,6582642.47,301084.12
47:20:0835002:43,3,6582820.64,301052.60
47:20:0835002:43,4,6583049.18,301048.50
47:20:0835002:43,5,6583058.92,301150.06
47:20:0835002:43,6,6583005.02,301157.99
47:20:0835002:43,7,6582995.13,301201.62
47:20:0835002:43,1,6582719.97,301205.98
47:20:0835002:46,1,6582938.95,302133.24
47:20:0835002:46,2,6583132.69,302426.84
47:20:0835002:46,3,6583316.83,302706.19
47:20:0835002:46,4,6583334.75,302683.18
47:20:0835002:46,5,6583329.49,302675.19
47:20:0835002:46,6,6582962.25,302117.67
47:20:0835002:46,1,6582938.95,302133.24
47:20:0835002:47,1,6581524.02,300533.62
47:20:0835002:47,2,6581489.21,300506.75
47:20:0835002:47,3,6581497.32,300495.01
47:20:0835002:47,4,6581564.39,300547.37
47:20:0835002:47,5,6581573.06,300536.38
47:20:0835002:47,6,6581704.73,300637.89
47:20:0835002:47,7,6581827.59,300732.61
47:20:0835002:47,8,6581935.53,300815.83
47:20:0835002:47,9,6582018.29,300895.69
47:20:0835002:47,10,6582008,300905.18
47:20:0835002:47,11,6582036.09,300935.96
47:20:0835002:47,12,6582026.23,300945.93
47:20:0835002:47,13,6581997.81,300914.79
47:20:0835002:47,14,6581944.68,300860.01
47:20:0835002:47,15,6581908.59,300830.96
47:20:0835002:47,1,6581524.02,300533.62
47:20:0835002:65,1,6579770.26,297997.93
47:20:0835002:65,2,6579760.14,297987.71
47:20:0835002:65,3,6579847.71,297742.77
47:20:0835002:65,4,6579878.91,297701.90
47:20:0835002:65,5,6579918.57,297675.47
47:20:0835002:65,6,6579953.96,297665.49
47:20:0835002:65,7,6580126.35,297653.61
47:20:0835002:65,8,6580234.03,297633.27
47:20:0835002:65,9,6580482.59,297559.12
47:20:0835002:65,10,6580571.42,297531.49
47:20:0835002:65,11,6580744.49,297449.22
47:20:0835002:65,12,6580847.69,297365.56
47:20:0835002:65,13,6580966.84,297299.66
47:20:0835002:65,14,6581068.86,297263.81
47:20:0835002:65,15,6581245.45,297208.87
47:20:0835002:65,16,6581404.56,297168.80
47:20:0835002:65,17,6581943.02,297012.46
47:20:0835002:65,18,6582086.40,296973.88
47:20:0835002:65,19,6582409.37,296879.13
47:20:0835002:65,20,6582734.42,296801.41
47:20:0835002:65,21,6582826.37,296782.62
47:20:0835002:65,22,6583061.06,296740.93
47:20:0835002:65,23,6583168.88,296724.08
47:20:0835002:65,24,6583249.76,296715.48
47:20:0835002:65,25,6583306.46,296721.06
47:20:0835002:65,26,6583364.88,296738.20
47:20:0835002:65,27,6583354.47,296759.07
47:20:0835002:65,28,6583349.27,296757.68
47:20:0835002:65,29,6583346.28,296746.53
47:20:0835002:65,30,6583303.81,296735.16
47:20:0835002:65,31,6583253.04,296729.52
47:20:0835002:65,32,6583172.90,296738.03
47:20:0835002:65,33,6583069.85,296754.03
47:20:0835002:65,34,6582928.57,296778.99
47:20:0835002:65,35,6582829.06,296796.67
47:20:0835002:65,36,6582737.51,296815.38
47:20:0835002:65,37,6582683.54,296827.97
47:20:0835002:65,38,6582412.97,296892.67
47:20:0835002:65,39,6582090.16,296987.37
47:20:0835002:65,40,6581933.03,297028.79
47:20:0835002:65,41,6581569.55,297131.44
47:20:0835002:65,42,6581568.55,297153.13
47:20:0835002:65,43,6581556.66,297156.49
47:20:0835002:65,44,6581544.46,297138.53
47:20:0835002:65,45,6581422.02,297173.43
47:20:0835002:65,46,6581385.25,297184.17
47:20:0835002:65,47,6581324.59,297200.76
47:20:0835002:65,48,6581241.31,297219.92
47:20:0835002:65,49,6581217.73,297227.38
47:20:0835002:65,50,6581114.18,297258.37
47:20:0835002:65,51,6581099.57,297267.53
47:20:0835002:65,52,6581094.95,297271.33
47:20:0835002:65,53,6581083.84,297275.20
47:20:0835002:65,54,6580944.99,297320.35
47:20:0835002:65,55,6580942.55,297328.53
47:20:0835002:65,56,6580900.74,297354.94
47:20:0835002:65,57,6580918.06,297358.81
47:20:0835002:65,58,6580912.86,297388.36
47:20:0835002:65,59,6580868.04,297377.99
47:20:0835002:65,60,6580722.45,297480.28
47:20:0835002:65,61,6580712.72,297486.09
47:20:0835002:65,62,6580704.64,297489.54
47:20:0835002:65,63,6580688.35,297496.51
47:20:0835002:65,64,6580576.79,297547.86
47:20:0835002:65,65,6580500.38,297566.90
47:20:0835002:65,66,6580506.81,297593.12
47:20:0835002:65,67,6580495.15,297595.98
47:20:0835002:65,68,6580483.33,297598.96
47:20:0835002:65,69,6580478.45,297579.23
47:20:0835002:65,70,6580470.13,297577.79
47:20:0835002:65,71,6580237.88,297645.72
47:20:0835002:65,72,6580193.75,297656.66
47:20:0835002:65,73,6580168.50,297661.63
47:20:0835002:65,74,6580145.67,297664.96
47:20:0835002:65,75,6580098.88,297669.59
47:20:0835002:65,76,6580005.44,297674.69
47:20:0835002:65,77,6579963.53,297679.88
47:20:0835002:65,78,6579937.42,297687.75
47:20:0835002:65,79,6579918.02,297697.34
47:20:0835002:65,80,6579896.92,297710.12
47:20:0835002:65,81,6579881.74,297725.30
47:20:0835002:65,82,6579865.74,297745.26
47:20:0835002:65,83,6579856.70,297760.70
47:20:0835002:65,84,6579841.99,297798.83
47:20:0835002:65,1,6579770.26,297997.93
47:20:0835002:68,1,6579870.58,298134.35
47:20:0835002:68,2,6579831.46,298069.42
47:20:0835002:68,3,6579776.12,298003.82
47:20:0835002:68,4,6579770.26,297997.94
47:20:0835002:68,5,6579765.59,297993.19
47:20:0835002:68,6,6579760.14,297987.71
47:20:0835002:68,7,6579758.27,297985.80
47:20:0835002:68,8,6579746.51,298013.48
47:20:0835002:68,9,6579805.10,298080.40
47:20:0835002:68,10,6579843.19,298141.85
47:20:0835002:68,11,6579900.48,298273.85
47:20:0835002:68,12,6580127.21,298892.31
47:20:0835002:68,13,6580278.40,299214.80
47:20:0835002:68,14,6580309.69,299327.12
47:20:0835002:68,15,6580345.97,299448.38
47:20:0835002:68,16,6580359.32,299444.16
47:20:0835002:68,17,6580372.67,299439.94
47:20:0835002:68,18,6580337.81,299323.85
47:20:0835002:68,19,6580305.05,299206.19
47:20:0835002:68,20,6580153.10,298881.50
47:20:0835002:68,21,6579966.96,298374.22
47:20:0835002:68,22,6579924.84,298259.45
47:20:0835002:68,1,6579870.58,298134.35
47:20:0835002:80,1,6581420.12,299870.05
47:20:0835002:80,2,6581418.08,299873.27
47:20:0835002:80,3,6581460.96,299900.53
47:20:0835002:80,4,6581455.56,299909.02
47:20:0835002:80,5,6581461.89,299913.04
47:20:0835002:80,6,6581427.44,299966.77
47:20:0835002:80,7,6581421.52,299971.39
47:20:0835002:80,8,6581356.07,299930.76
47:20:0835002:80,9,6581375.36,299894.86
47:20:0835002:80,10,6581372.67,299893.29
47:20:0835002:80,11,6581394.16,299853.59
47:20:0835002:80,1,6581420.12,299870.05
47:20:0835002:109,1,6582563.47,298532.19
47:20:0835002:109,2,6582546.39,298536.24
47:20:0835002:109,3,6582532.48,298543.61
47:20:0835002:109,4,6582523.35,298552.46
47:20:0835002:109,5,6582524.92,298569.18
47:20:0835002:109,6,6582516.11,298570.70
47:20:0835002:109,7,6582480.83,298583.81
47:20:0835002:109,8,6582393.98,298352.87
47:20:0835002:109,9,6582471.08,298249.95
47:20:0835002:109,10,6582506.87,298202.39
47:20:0835002:109,11,6582511.44,298195.81
47:20:0835002:109,12,6582523.06,298180.12
47:20:0835002:109,13,6582538.47,298314.36
47:20:0835002:109,1,6582563.47,298532.19
47:20:0835002:112,1,6582696.79,298325.32
47:20:0835002:112,2,6582695.60,298309.51
47:20:0835002:112,3,6582538.47,298314.36
47:20:0835002:112,4,6582563.47,298532.19
47:20:0835002:112,5,6582577.61,298532.22
47:20:0835002:112,6,6582589.83,298536.75
47:20:0835002:112,7,6582618.47,298553.62
47:20:0835002:112,8,6582642.23,298568.54
47:20:0835002:112,9,6582661.02,298580.47
47:20:0835002:112,10,6582715.45,298573.18
47:20:0835002:112,1,6582696.79,298325.32
47:20:0835002:114,1,6582538.47,298314.36
47:20:0835002:114,2,6582523.06,298180.12
47:20:0835002:114,3,6582549.43,298142.23
47:20:0835002:114,4,6582571.62,298112.13
47:20:0835002:114,5,6582609.24,298059.05
47:20:0835002:114,6,6582631.55,298026.51
47:20:0835002:114,7,6582670.31,297973.35
47:20:0835002:114,8,6582678.23,298078.99
47:20:0835002:114,9,6582695.60,298309.51
47:20:0835002:114,1,6582538.47,298314.36
47:20:0835002:125,1,6582480.83,298583.81
47:20:0835002:125,2,6582393.98,298352.87
47:20:0835002:125,3,6582378.53,298373.78
47:20:0835002:125,4,6582344.74,298419.56
47:20:0835002:125,5,6582302.01,298475.30
47:20:0835002:125,6,6582239.97,298559.96
47:20:0835002:125,7,6582218.41,298587.95
47:20:0835002:125,8,6582258.95,298679.39
47:20:0835002:125,9,6582297.98,298660.61
47:20:0835002:125,10,6582348.12,298635.19
47:20:0835002:125,11,6582408.34,298613.19
47:20:0835002:125,1,6582480.83,298583.81
47:20:0835002:130,1,6583111.61,296901.14
47:20:0835002:130,2,6583317.50,296859.44
47:20:0835002:130,3,6583315.84,296865.25
47:20:0835002:130,4,6583312.50,296880.66
47:20:0835002:130,5,6583302.77,296934.10
47:20:0835002:130,6,6583289.10,297000.99
47:20:0835002:130,7,6583278.91,297055.56
47:20:0835002:130,8,6583271.88,297101.99
47:20:0835002:130,9,6583265.87,297127.76
47:20:0835002:130,10,6583261.57,297135.93
47:20:0835002:130,11,6583247.95,297154.78
47:20:0835002:130,12,6583215.40,297166.98
47:20:0835002:130,13,6583165.40,297038.92
47:20:0835002:130,1,6583111.61,296901.14
47:20:0835002:155,1,6580701.41,299121.07
47:20:0835002:155,2,6580515.73,299173.72
47:20:0835002:155,3,6580468.24,299006.24
47:20:0835002:155,4,6580653.92,298953.57
47:20:0835002:155,1,6580701.41,299121.07
47:20:0835002:157,1,6581634.23,298427.35
47:20:0835002:157,2,6581673.94,298568.31
47:20:0835002:157,3,6581830,298525.27
47:20:0835002:157,4,6581789.65,298384.48
47:20:0835002:157,1,6581634.23,298427.35
47:20:0835002:161,1,6581759.97,298690
47:20:0835002:161,2,6581700.52,298706.81
47:20:0835002:161,3,6581673.94,298568.31
47:20:0835002:161,4,6581830,298525.27
47:20:0835002:161,5,6581869.99,298658.89
47:20:0835002:161,1,6581759.97,298690
47:20:0835002:164,1,6580653.92,298953.57
47:20:0835002:164,2,6580468.24,299006.24
47:20:0835002:164,3,6580420.76,298838.73
47:20:0835002:164,4,6580606.44,298786.09
47:20:0835002:164,1,6580653.92,298953.57
47:20:0835002:166,1,6580701.41,299121.07
47:20:0835002:166,2,6580748.89,299288.57
47:20:0835002:166,3,6580563.21,299341.21
47:20:0835002:166,4,6580515.73,299173.72
47:20:0835002:166,1,6580701.41,299121.07
47:20:0835002:167,1,6581759.97,298690
47:20:0835002:167,2,6581795.65,298848.84
47:20:0835002:167,3,6581653.80,298887.91
47:20:0835002:167,4,6581620.63,298729.40
47:20:0835002:167,5,6581700.52,298706.81
47:20:0835002:167,1,6581759.97,298690
47:20:0835002:171,1,6581197.51,298699.68
47:20:0835002:171,2,6581215.23,298844.03
47:20:0835002:171,3,6581195.37,298849.65
47:20:0835002:171,4,6581056.91,298888.79
47:20:0835002:171,5,6581052.31,298846.60
47:20:0835002:171,6,6581043.53,298775.55
47:20:0835002:171,7,6581039.90,298743.15
47:20:0835002:171,1,6581197.51,298699.68
47:20:0835002:201,1,6583793.21,299149
47:20:0835002:201,2,6583721.12,299590.53
47:20:0835002:201,3,6583669.41,299596.43
47:20:0835002:201,4,6583622.05,299593.60
47:20:0835002:201,5,6583619.08,299588.22
47:20:0835002:201,6,6583578.65,299575.76
47:20:0835002:201,7,6583534.03,299549.60
47:20:0835002:201,8,6583525.95,299549.30
47:20:0835002:201,9,6583590.14,299119.71
47:20:0835002:201,1,6583793.21,299149
47:20:0835002:202,1,6580792.12,298733.45
47:20:0835002:202,2,6580839.61,298900.96
47:20:0835002:202,3,6580653.92,298953.57
47:20:0835002:202,4,6580606.44,298786.09
47:20:0835002:202,1,6580792.12,298733.45
47:20:0835002:203,1,6580792.12,298733.45
47:20:0835002:203,2,6580839.61,298900.96
47:20:0835002:203,3,6580887.09,299068.44
47:20:0835002:203,4,6580934.57,299235.93
47:20:0835002:203,5,6581078.94,299195
47:20:0835002:203,6,6581052.43,298976.79
47:20:0835002:203,7,6581043.48,298909.63
47:20:0835002:203,8,6581035.88,298845.01
47:20:0835002:203,9,6581033.64,298818.11
47:20:0835002:203,10,6581025.93,298741.41
47:20:0835002:203,11,6581022.40,298715.29
47:20:0835002:203,12,6581017.26,298683.54
47:20:0835002:203,13,6581014.38,298660.51
47:20:0835002:203,14,6581008.11,298601.21
47:20:0835002:203,15,6580144.49,298858.02
47:20:0835002:203,16,6580153.10,298881.50
47:20:0835002:203,17,6580305.05,299206.19
47:20:0835002:203,18,6580337.81,299323.85
47:20:0835002:203,19,6580360.30,299398.74
47:20:0835002:203,20,6580563.21,299341.21
47:20:0835002:203,21,6580515.73,299173.72
47:20:0835002:203,22,6580468.25,299006.23
47:20:0835002:203,23,6580420.76,298838.73
47:20:0835002:203,24,6580606.44,298786.09
47:20:0835002:203,1,6580792.12,298733.45
47:20:0835002:205,1,6581149.61,298402.78
47:20:0835002:205,2,6581176.11,298553.69
47:20:0835002:205,3,6581022.33,298596.10
47:20:0835002:205,4,6581004.31,298442.85
47:20:0835002:205,1,6581149.61,298402.78
47:20:0835002:206,1,6581512.58,298612.80
47:20:0835002:206,2,6581356.68,298655.79
47:20:0835002:206,3,6581328.47,298511.67
47:20:0835002:206,4,6581484.08,298468.75
47:20:0835002:206,1,6581512.58,298612.80
47:20:0835002:207,1,6584852.04,297981.46
47:20:0835002:207,2,6584845.97,298042.22
47:20:0835002:207,3,6584841.26,298106.91
47:20:0835002:207,4,6584840.84,298107.90
47:20:0835002:207,5,6584836.29,298109.01
47:20:0835002:207,6,6584834.28,298109.76
47:20:0835002:207,7,6584830.99,298112.01
47:20:0835002:207,8,6584821.95,298126.20
47:20:0835002:207,9,6584816.95,298136.52
47:20:0835002:207,10,6584814.27,298147.31
47:20:0835002:207,11,6584809.54,298194.79
47:20:0835002:207,12,6584805.89,298229.18
47:20:0835002:207,13,6584803.24,298252.10
47:20:0835002:207,14,6584800.17,298271.83
47:20:0835002:207,15,6584797.75,298278.33
47:20:0835002:207,16,6584792.19,298284.57
47:20:0835002:207,17,6584761.17,298309.39
47:20:0835002:207,18,6584738.77,298325.80
47:20:0835002:207,19,6584715.41,298340.07
47:20:0835002:207,20,6584706.41,298343.73
47:20:0835002:207,21,6584696.80,298346.76
47:20:0835002:207,22,6584689.01,298350.01
47:20:0835002:207,23,6584683.39,298353.56
47:20:0835002:207,24,6584672,298365.12
47:20:0835002:207,25,6584642.23,298398.77
47:20:0835002:207,26,6584631.35,298409.74
47:20:0835002:207,27,6584617.07,298422.29
47:20:0835002:207,28,6584601.89,298434.65
47:20:0835002:207,29,6584563.01,298462.09
47:20:0835002:207,30,6584523.36,298466.69
47:20:0835002:207,31,6584471.31,298496.56
47:20:0835002:207,32,6584462.73,298501.04
47:20:0835002:207,33,6584453.94,298503.04
47:20:0835002:207,34,6584448.71,298502.21
47:20:0835002:207,35,6584444.96,298499.04
47:20:0835002:207,36,6584436.65,298487.76
47:20:0835002:207,37,6584392.73,298444.39
47:20:0835002:207,38,6584388.81,298442.93
47:20:0835002:207,39,6584386.38,298439.29
47:20:0835002:207,40,6584386.11,298438.99
47:20:0835002:207,41,6584327.18,298401.36
47:20:0835002:207,42,6584323.86,298396.85
47:20:0835002:207,43,6584300,298350.08
47:20:0835002:207,44,6584297.32,298342.09
47:20:0835002:207,45,6584291.28,298301.36
47:20:0835002:207,46,6584289.33,298298.69
47:20:0835002:207,47,6584257.56,298273.66
47:20:0835002:207,48,6584250.04,298266.80
47:20:0835002:207,49,6584243.05,298255.92
47:20:0835002:207,50,6584236.12,298239.55
47:20:0835002:207,51,6584231.25,298223.13
47:20:0835002:207,52,6584245.92,298134.98
47:20:0835002:207,53,6584258.34,298031.37
47:20:0835002:207,54,6584258.46,297999.26
47:20:0835002:207,55,6584260.66,297946.62
47:20:0835002:207,1,6584852.04,297981.46
47:20:0835002:208,1,6584852.04,297981.46
47:20:0835002:208,2,6584260.66,297946.62
47:20:0835002:208,3,6584262.66,297899.92
47:20:0835002:208,4,6584267.13,297823.94
47:20:0835002:208,5,6584269.25,297750
47:20:0835002:208,6,6584273.42,297654.89
47:20:0835002:208,7,6584312.12,297659.93
47:20:0835002:208,8,6584324.31,297660.97
47:20:0835002:208,9,6584379.51,297670.82
47:20:0835002:208,10,6584386.23,297682.52
47:20:0835002:208,11,6584403,297689.40
47:20:0835002:208,12,6584429.61,297690.38
47:20:0835002:208,13,6584435.21,297687.72
47:20:0835002:208,14,6584437.84,297681.48
47:20:0835002:208,15,6584437.82,297675.10
47:20:0835002:208,16,6584433.30,297671.20
47:20:0835002:208,17,6584412.62,297660.14
47:20:0835002:208,18,6584410.41,297655.20
47:20:0835002:208,19,6584412.60,297641.16
47:20:0835002:208,20,6584411.23,297636.52
47:20:0835002:208,21,6584401.65,297631.68
47:20:0835002:208,22,6584379.54,297624.60
47:20:0835002:208,23,6584369.16,297625.58
47:20:0835002:208,24,6584308.58,297560.96
47:20:0835002:208,25,6584287.64,297554.11
47:20:0835002:208,26,6584295.38,297535.30
47:20:0835002:208,27,6584887.36,297606.22
47:20:0835002:208,28,6584883.95,297635.58
47:20:0835002:208,29,6584880.49,297675.45
47:20:0835002:208,30,6584873.86,297755.53
47:20:0835002:208,31,6584868.52,297814.01
47:20:0835002:208,32,6584860.78,297892.45
47:20:0835002:208,1,6584852.04,297981.46
47:20:0835002:209,1,6581588.77,298281.65
47:20:0835002:209,2,6581634.23,298427.34
47:20:0835002:209,3,6581484.08,298468.75
47:20:0835002:209,4,6581439.83,298322.73
47:20:0835002:209,1,6581588.77,298281.65
47:20:0835002:210,1,6581328.47,298511.67
47:20:0835002:210,2,6581484.08,298468.75
47:20:0835002:210,3,6581439.83,298322.73
47:20:0835002:210,4,6581296.33,298362.31
47:20:0835002:210,1,6581328.47,298511.67
47:20:0835002:211,1,6584977.32,297207.15
47:20:0835002:211,2,6584969.81,297242.50
47:20:0835002:211,3,6584959.15,297290.14
47:20:0835002:211,4,6584944.80,297344.61
47:20:0835002:211,5,6584934.90,297384.52
47:20:0835002:211,6,6584924.56,297426.42
47:20:0835002:211,7,6584910.92,297482.41
47:20:0835002:211,8,6584898.35,297535.92
47:20:0835002:211,9,6584892.67,297566.52
47:20:0835002:211,10,6584888.20,297599.01
47:20:0835002:211,11,6584887.37,297606.22
47:20:0835002:211,12,6584295.38,297535.30
47:20:0835002:211,13,6584299.49,297524.34
47:20:0835002:211,14,6584300.12,297523.03
47:20:0835002:211,15,6584289.15,297426.10
47:20:0835002:211,16,6584293.40,297413.67
47:20:0835002:211,17,6584304.69,297415.73
47:20:0835002:211,18,6584318.71,297414.02
47:20:0835002:211,19,6584343.93,297411.28
47:20:0835002:211,20,6584347.77,297410.37
47:20:0835002:211,21,6584361.35,297407.73
47:20:0835002:211,22,6584368.50,297406.51
47:20:0835002:211,23,6584407.07,297401.37
47:20:0835002:211,24,6584447.82,297395.33
47:20:0835002:211,25,6584460,297391.76
47:20:0835002:211,26,6584465.81,297385.98
47:20:0835002:211,27,6584469.11,297379.17
47:20:0835002:211,28,6584474.25,297372.53
47:20:0835002:211,29,6584473.56,297367.37
47:20:0835002:211,30,6584491.41,297330.47
47:20:0835002:211,31,6584496.03,297316.40
47:20:0835002:211,32,6584496.61,297301.86
47:20:0835002:211,33,6584492.97,297271.68
47:20:0835002:211,34,6584493.93,297269.24
47:20:0835002:211,35,6584499.31,297264.16
47:20:0835002:211,36,6584542.06,297217.92
47:20:0835002:211,37,6584561.90,297150.41
47:20:0835002:211,38,6584567.70,297144.97
47:20:0835002:211,39,6584579.40,297138.06
47:20:0835002:211,40,6584618.85,297150.30
47:20:0835002:211,41,6584642.66,297177.64
47:20:0835002:211,42,6584659.98,297197.21
47:20:0835002:211,43,6584661.23,297198.22
47:20:0835002:211,44,6584664.17,297199.63
47:20:0835002:211,45,6584670.70,297201.33
47:20:0835002:211,46,6584682.86,297203.31
47:20:0835002:211,47,6584684.89,297203.84
47:20:0835002:211,48,6584710.02,297213.43
47:20:0835002:211,49,6584713.32,297214.16
47:20:0835002:211,50,6584732.66,297210.28
47:20:0835002:211,51,6584749.44,297206.45
47:20:0835002:211,52,6584798.48,297200.39
47:20:0835002:211,53,6584834.80,297200.39
47:20:0835002:211,54,6584895.57,297198.70
47:20:0835002:211,55,6584922.67,297198.22
47:20:0835002:211,56,6584936.07,297199.43
47:20:0835002:211,57,6584957.90,297205.06
47:20:0835002:211,58,6584972.96,297206.65
47:20:0835002:211,1,6584977.32,297207.15
47:20:0835002:212,1,6581512.58,298612.80
47:20:0835002:212,2,6581484.08,298468.75
47:20:0835002:212,3,6581634.23,298427.35
47:20:0835002:212,4,6581673.94,298568.31
47:20:0835002:212,1,6581512.58,298612.80
47:20:0835002:215,1,6582028.77,298160.31
47:20:0835002:215,2,6582075.21,298265.02
47:20:0835002:215,3,6582091.29,298301.29
47:20:0835002:215,4,6581940.33,298342.93
47:20:0835002:215,5,6581880.66,298201.16
47:20:0835002:215,1,6582028.77,298160.31
47:20:0835002:216,1,6581604.50,299063.07
47:20:0835002:216,2,6581560.29,299104.34
47:20:0835002:216,3,6581502.46,299157.06
47:20:0835002:216,4,6581493.13,298932.18
47:20:0835002:216,5,6581513.27,298926.63
47:20:0835002:216,6,6581614.73,298898.68
47:20:0835002:216,7,6581628.92,299041.43
47:20:0835002:216,1,6581604.50,299063.07
47:20:0835002:217,1,6582091.29,298301.29
47:20:0835002:217,2,6581940.33,298342.93
47:20:0835002:217,3,6581990.80,298480.93
47:20:0835002:217,4,6582151.32,298436.66
47:20:0835002:217,5,6582126.45,298380.59
47:20:0835002:217,1,6582091.29,298301.29
47:20:0835002:219,1,6582402.18,296895.84
47:20:0835002:219,2,6582187.38,296958.84
47:20:0835002:219,3,6582192.19,296977.59
47:20:0835002:219,4,6582290.73,296949.33
47:20:0835002:219,5,6582316.09,296942.12
47:20:0835002:219,6,6582408.21,296916.97
47:20:0835002:219,1,6582402.18,296895.84
47:20:0835002:226,1,6583525.95,299549.30
47:20:0835002:226,2,6583590.14,299119.71
47:20:0835002:226,3,6583468.54,299118.05
47:20:0835002:226,4,6583465.64,299164.39
47:20:0835002:226,5,6583458.28,299259.56
47:20:0835002:226,6,6583456.04,299319.67
47:20:0835002:226,7,6583454.67,299346.80
47:20:0835002:226,8,6583435.19,299366.84
47:20:0835002:226,9,6583433.69,299376.11
47:20:0835002:226,10,6583401.69,299399.61
47:20:0835002:226,11,6583356.39,299450.30
47:20:0835002:226,12,6583340.93,299470.62
47:20:0835002:226,13,6583297.95,299535.30
47:20:0835002:226,14,6583468.93,299559.54
47:20:0835002:226,15,6583486.15,299547.82
47:20:0835002:226,1,6583525.95,299549.30
47:20:0835002:227,1,6581604.50,299063.07
47:20:0835002:227,2,6581560.29,299104.34
47:20:0835002:227,3,6581502.46,299157.06
47:20:0835002:227,4,6581493.13,298932.18
47:20:0835002:227,5,6581513.27,298926.63
47:20:0835002:227,6,6581614.73,298898.68
47:20:0835002:227,7,6581628.92,299041.43
47:20:0835002:227,1,6581604.50,299063.07
47:20:0835002:245,1,6581128.82,297331.57
47:20:0835002:245,2,6581133.54,297346.62
47:20:0835002:245,3,6581108.05,297354.59
47:20:0835002:245,4,6581124.81,297408.66
47:20:0835002:245,5,6581153.94,297483.29
47:20:0835002:245,6,6581148.33,297485.41
47:20:0835002:245,7,6581119.18,297410.39
47:20:0835002:245,8,6581102.42,297356.36
47:20:0835002:245,9,6581086.69,297361.31
47:20:0835002:245,10,6581087.62,297364.27
47:20:0835002:245,11,6581084.14,297365.36
47:20:0835002:245,12,6581083.21,297362.40
47:20:0835002:245,13,6581068.58,297367
47:20:0835002:245,14,6581064.80,297354.98
47:20:0835002:245,15,6581063.21,297349.92
47:20:0835002:245,16,6581074.70,297346.31
47:20:0835002:245,17,6581076.32,297347.80
47:20:0835002:245,18,6581097.97,297341.02
47:20:0835002:245,19,6581097.39,297339.18
47:20:0835002:245,20,6581111.36,297334.78
47:20:0835002:245,21,6581112.29,297337.72
47:20:0835002:245,1,6581128.82,297331.57
47:20:0835002:246,1,6580915.88,297345.38
47:20:0835002:246,2,6580921.09,297355.89
47:20:0835002:246,3,6580916.12,297358.38
47:20:0835002:246,4,6580900.74,297354.94
47:20:0835002:246,1,6580915.88,297345.38
47:20:0835002:247,1,6580868.04,297377.99
47:20:0835002:247,2,6580876.39,297379.92
47:20:0835002:247,3,6580858.54,297390.59
47:20:0835002:247,4,6580840.97,297401.72
47:20:0835002:247,5,6580837.88,297403.72
47:20:0835002:247,6,6580834.73,297405.78
47:20:0835002:247,7,6580831.58,297407.85
47:20:0835002:247,8,6580828.43,297409.94
47:20:0835002:247,9,6580825.28,297412.04
47:20:0835002:247,10,6580801.73,297428.07
47:20:0835002:247,11,6580811.96,297442.87
47:20:0835002:247,12,6580793.50,297455.73
47:20:0835002:247,13,6580775.06,297468.62
47:20:0835002:247,14,6580764.74,297453.90
47:20:0835002:247,15,6580755.82,297460.15
47:20:0835002:247,16,6580752.62,297462.39
47:20:0835002:247,17,6580749.43,297464.61
47:20:0835002:247,18,6580746.22,297466.84
47:20:0835002:247,19,6580743,297469.07
47:20:0835002:247,20,6580739.77,297471.30
47:20:0835002:247,21,6580736.54,297473.52
47:20:0835002:247,22,6580733.30,297475.74
47:20:0835002:247,23,6580730.05,297477.96
47:20:0835002:247,24,6580726.80,297480.18
47:20:0835002:247,25,6580723.53,297482.39
47:20:0835002:247,26,6580720.26,297484.60
47:20:0835002:247,27,6580716.97,297486.80
47:20:0835002:247,28,6580713.68,297489
47:20:0835002:247,29,6580710.37,297491.19
47:20:0835002:247,30,6580707.05,297493.37
47:20:0835002:247,31,6580703.73,297495.54
47:20:0835002:247,32,6580700.39,297497.71
47:20:0835002:247,33,6580697.04,297499.87
47:20:0835002:247,34,6580693.67,297502.02
47:20:0835002:247,35,6580690.30,297504.15
47:20:0835002:247,36,6580686.91,297506.28
47:20:0835002:247,37,6580683.51,297508.40
47:20:0835002:247,38,6580680.10,297510.50
47:20:0835002:247,39,6580676.67,297512.60
47:20:0835002:247,40,6580673.23,297514.68
47:20:0835002:247,41,6580669.81,297516.72
47:20:0835002:247,42,6580657.90,297523.68
47:20:0835002:247,43,6580645.87,297530.44
47:20:0835002:247,44,6580645,297538.89
47:20:0835002:247,45,6580616.59,297553.63
47:20:0835002:247,46,6580609.18,297549.48
47:20:0835002:247,47,6580573.04,297566.05
47:20:0835002:247,48,6580536.16,297580.88
47:20:0835002:247,49,6580532.42,297582.27
47:20:0835002:247,50,6580528.65,297583.66
47:20:0835002:247,51,6580524.87,297585.02
47:20:0835002:247,52,6580521.09,297586.37
47:20:0835002:247,53,6580514.55,297588.65
47:20:0835002:247,54,6580520.12,297605.77
47:20:0835002:247,55,6580500.97,297611.99
47:20:0835002:247,56,6580495.15,297595.98
47:20:0835002:247,57,6580506.81,297593.12
47:20:0835002:247,58,6580500.38,297566.90
47:20:0835002:247,59,6580576.79,297547.86
47:20:0835002:247,60,6580688.35,297496.51
47:20:0835002:247,61,6580712.72,297486.09
47:20:0835002:247,62,6580722.45,297480.28
47:20:0835002:247,1,6580868.04,297377.99
47:20:0835002:249,1,6585393.86,297522.56
47:20:0835002:249,2,6585373.99,297542.74
47:20:0835002:249,3,6585363.02,297560.55
47:20:0835002:249,4,6585349.70,297584.76
47:20:0835002:249,5,6585341.81,297601.60
47:20:0835002:249,6,6585338.24,297615.33
47:20:0835002:249,7,6585334.12,297648.38
47:20:0835002:249,8,6585325.46,297687.46
47:20:0835002:249,9,6585322.05,297715.01
47:20:0835002:249,10,6585310.98,297823.09
47:20:0835002:249,11,6585291.88,297919.51
47:20:0835002:249,12,6585278.66,297978.18
47:20:0835002:249,13,6585266.90,298045.85
47:20:0835002:249,14,6585255.95,298117.20
47:20:0835002:249,15,6585256.86,298125.40
47:20:0835002:249,16,6585265.62,298143.05
47:20:0835002:249,17,6585267.22,298153.48
47:20:0835002:249,18,6585265.78,298176.77
47:20:0835002:249,19,6585260.65,298211.15
47:20:0835002:249,20,6585258.24,298234.95
47:20:0835002:249,21,6585256.91,298255.95
47:20:0835002:249,22,6585257.31,298277.46
47:20:0835002:249,23,6585220.34,298221.91
47:20:0835002:249,24,6585222.18,298207.27
47:20:0835002:249,25,6585225.01,298202.99
47:20:0835002:249,26,6585234.03,298195.67
47:20:0835002:249,27,6585239.59,298175.47
47:20:0835002:249,28,6585241.44,298155.33
47:20:0835002:249,29,6585240.39,298146.42
47:20:0835002:249,30,6585235.97,298141.11
47:20:0835002:249,31,6585227.88,298135.71
47:20:0835002:249,32,6585221.52,298133.13
47:20:0835002:249,33,6585218.75,298123.04
47:20:0835002:249,34,6585159.34,298115.53
47:20:0835002:249,35,6585155.33,298112.12
47:20:0835002:249,36,6585142.51,298110.04
47:20:0835002:249,37,6585138.71,298100.98
47:20:0835002:249,38,6585132.31,298099.94
47:20:0835002:249,39,6585132.74,298097.15
47:20:0835002:249,40,6585108.74,298093.94
47:20:0835002:249,41,6585107.56,298111.03
47:20:0835002:249,42,6585045.86,298104.05
47:20:0835002:249,43,6585023.34,298100.60
47:20:0835002:249,44,6585006.35,298100.60
47:20:0835002:249,45,6584997.72,298102.53
47:20:0835002:249,46,6584977.60,298117.35
47:20:0835002:249,47,6584970.91,298117.76
47:20:0835002:249,48,6584959,298116.33
47:20:0835002:249,49,6584956.30,298119.03
47:20:0835002:249,50,6584956.72,298127.82
47:20:0835002:249,51,6584885,298122.91
47:20:0835002:249,52,6584877.81,298123.71
47:20:0835002:249,53,6584874.86,298123.65
47:20:0835002:249,54,6584875.87,298115.11
47:20:0835002:249,55,6584872.26,298114.62
47:20:0835002:249,56,6584872.58,298110.55
47:20:0835002:249,57,6584863.39,298110.05
47:20:0835002:249,58,6584860.11,298109.74
47:20:0835002:249,59,6584864.90,298043.86
47:20:0835002:249,60,6584870.36,297983.21
47:20:0835002:249,61,6584879.69,297894.31
47:20:0835002:249,62,6584887.43,297815.80
47:20:0835002:249,63,6584892.78,297757.18
47:20:0835002:249,64,6584899.42,297677.06
47:20:0835002:249,65,6584902.85,297637.50
47:20:0835002:249,66,6584907.05,297601.40
47:20:0835002:249,67,6584911.43,297569.55
47:20:0835002:249,68,6584916.95,297539.83
47:20:0835002:249,69,6584929.40,297486.83
47:20:0835002:249,70,6584943.01,297430.95
47:20:0835002:249,71,6584953.34,297389.09
47:20:0835002:249,72,6584963.21,297349.32
47:20:0835002:249,73,6584977.61,297294.64
47:20:0835002:249,74,6584982.58,297272.43
47:20:0835002:249,75,6585006.29,297285.62
47:20:0835002:249,76,6585045.35,297225.85
47:20:0835002:249,77,6585059.04,297231.75
47:20:0835002:249,78,6585101.76,297256.70
47:20:0835002:249,79,6585151.70,297286.46
47:20:0835002:249,80,6585242.41,297342.98
47:20:0835002:249,81,6585294.67,297373.53
47:20:0835002:249,82,6585337.81,297398.01
47:20:0835002:249,83,6585328.44,297479.82
47:20:0835002:249,1,6585393.86,297522.56
47:20:0835002:250,1,6581643.50,299924.54
47:20:0835002:250,2,6581539.30,300074.50
47:20:0835002:250,3,6581513.19,300059.27
47:20:0835002:250,4,6581447.86,300013.54
47:20:0835002:250,5,6581427.57,300046.99
47:20:0835002:250,6,6581391.12,300032.57
47:20:0835002:250,7,6581427.44,299966.77
47:20:0835002:250,8,6581461.89,299913.04
47:20:0835002:250,9,6581502.43,299836.66
47:20:0835002:250,1,6581643.50,299924.54
47:20:0835002:251,1,6581502.43,299836.66
47:20:0835002:251,2,6581461.89,299913.04
47:20:0835002:251,3,6581455.56,299909.02
47:20:0835002:251,4,6581460.96,299900.53
47:20:0835002:251,5,6581418.08,299873.27
47:20:0835002:251,6,6581420.12,299870.05
47:20:0835002:251,7,6581394.16,299853.59
47:20:0835002:251,8,6581427.47,299789.97
47:20:0835002:251,1,6581502.43,299836.66
47:20:0835002:252,1,6581421.53,299971.39
47:20:0835002:252,2,6581427.44,299966.77
47:20:0835002:252,3,6581391.12,300032.57
47:20:0835002:252,4,6581312.28,300012.23
47:20:0835002:252,5,6581356.07,299930.76
47:20:0835002:252,1,6581421.53,299971.39
47:20:0835002:254,1,6581788.51,297699.36
47:20:0835002:254,2,6581841.29,297727.90
47:20:0835002:254,3,6581812.75,297780.68
47:20:0835002:254,4,6581759.97,297752.14
47:20:0835002:254,1,6581788.51,297699.36
47:20:0835002:257,1,6580019.79,297673.91
47:20:0835002:257,2,6580026.49,297689.33
47:20:0835002:257,3,6579927.68,297744.10
47:20:0835002:257,4,6579927.29,297815.22
47:20:0835002:257,5,6579924.84,298259.45
47:20:0835002:257,6,6579870.58,298134.35
47:20:0835002:257,7,6579831.46,298069.42
47:20:0835002:257,8,6579776.12,298003.82
47:20:0835002:257,9,6579770.26,297997.94
47:20:0835002:257,10,6579841.99,297798.83
47:20:0835002:257,11,6579856.71,297760.70
47:20:0835002:257,12,6579865.74,297745.26
47:20:0835002:257,13,6579881.74,297725.30
47:20:0835002:257,14,6579896.92,297710.12
47:20:0835002:257,15,6579918.02,297697.34
47:20:0835002:257,16,6579937.42,297687.75
47:20:0835002:257,17,6579963.53,297679.89
47:20:0835002:257,18,6580005.44,297674.69
47:20:0835002:257,1,6580019.79,297673.91
47:20:0835002:258,1,6580442.73,297585.82
47:20:0835002:258,2,6580444.13,297590.22
47:20:0835002:258,3,6580305.90,297638.66
47:20:0835002:258,4,6580304.35,297651.64
47:20:0835002:258,5,6580275.64,297663.93
47:20:0835002:258,6,6580274.59,297660.29
47:20:0835002:258,7,6580175.41,297689.18
47:20:0835002:258,8,6580080.11,297719.46
47:20:0835002:258,9,6579986.39,297754.31
47:20:0835002:258,10,6579979.52,297757.07
47:20:0835002:258,11,6579978.07,297757.93
47:20:0835002:258,12,6579960.75,297771.17
47:20:0835002:258,13,6579945.81,297787.06
47:20:0835002:258,14,6579938.02,297797.09
47:20:0835002:258,15,6579931.26,297807.75
47:20:0835002:258,16,6579927.29,297815.22
47:20:0835002:258,17,6579927.68,297744.10
47:20:0835002:258,18,6580026.48,297689.33
47:20:0835002:258,19,6580019.79,297673.91
47:20:0835002:258,20,6580098.89,297669.59
47:20:0835002:258,21,6580145.67,297664.96
47:20:0835002:258,22,6580168.50,297661.63
47:20:0835002:258,23,6580193.76,297656.66
47:20:0835002:258,24,6580237.88,297645.72
47:20:0835002:258,1,6580442.73,297585.82
47:20:0835002:259,1,6579925.08,298216.29
47:20:0835002:259,2,6579927.75,298223.85
47:20:0835002:259,3,6579957.74,298308.64
47:20:0835002:259,4,6579979.65,298370.36
47:20:0835002:259,5,6579966.96,298374.22
47:20:0835002:259,6,6579924.84,298259.45
47:20:0835002:259,1,6579925.08,298216.29
47:20:0835002:261,1,6579979.67,298370.35
47:20:0835002:261,2,6579987.86,298393.38
47:20:0835002:261,3,6580018.63,298480.10
47:20:0835002:261,4,6580048.73,298564.92
47:20:0835002:261,5,6580159.40,298853.59
47:20:0835002:261,6,6580144.49,298858.02
47:20:0835002:261,7,6579966.96,298374.22
47:20:0835002:261,1,6579979.67,298370.35
47:20:0835002:262,1,6580785.26,298125.43
47:20:0835002:262,2,6580809.05,298202.95
47:20:0835002:262,3,6580833.60,298312.46
47:20:0835002:262,4,6580870.54,298431.87
47:20:0835002:262,5,6580962.31,298423.78
47:20:0835002:262,6,6580979.21,298451.77
47:20:0835002:262,7,6580992.80,298467.07
47:20:0835002:262,8,6581008.11,298601.21
47:20:0835002:262,9,6580159.40,298853.59
47:20:0835002:262,10,6580048.73,298564.92
47:20:0835002:262,11,6580018.63,298480.10
47:20:0835002:262,12,6579987.86,298393.38
47:20:0835002:262,13,6579979.67,298370.35
47:20:0835002:262,1,6580785.26,298125.43
47:20:0835002:263,1,6583348.19,296753.67
47:20:0835002:263,2,6583349.27,296757.68
47:20:0835002:263,3,6583347.46,296768.19
47:20:0835002:263,4,6583336.76,296804.07
47:20:0835002:263,5,6583331.65,296814.66
47:20:0835002:263,6,6583320.79,296847.87
47:20:0835002:263,7,6583317.50,296859.44
47:20:0835002:263,8,6583111.61,296901.14
47:20:0835002:263,9,6583071.80,296781
47:20:0835002:263,10,6583315.48,296744.97
47:20:0835002:263,11,6583339.73,296751.07
47:20:0835002:263,1,6583348.19,296753.67
47:20:0835002:264,1,6583346.28,296746.53
47:20:0835002:264,2,6583348.19,296753.67
47:20:0835002:264,3,6583339.73,296751.07
47:20:0835002:264,4,6583315.48,296744.97
47:20:0835002:264,5,6583071.80,296781
47:20:0835002:264,6,6583063.25,296755.20
47:20:0835002:264,7,6583069.85,296754.03
47:20:0835002:264,8,6583172.90,296738.03
47:20:0835002:264,9,6583253.04,296729.52
47:20:0835002:264,10,6583303.81,296735.16
47:20:0835002:264,1,6583346.28,296746.53
47:20:0835002:266,1,6583063.25,296755.20
47:20:0835002:266,2,6583071.80,296781
47:20:0835002:266,3,6583014.63,296790.40
47:20:0835002:266,4,6582954.91,296800.40
47:20:0835002:266,5,6582882.35,296812.55
47:20:0835002:266,6,6582837.82,296820
47:20:0835002:266,7,6582823,296839.08
47:20:0835002:266,8,6582778.82,296847.66
47:20:0835002:266,9,6582760.03,296836.78
47:20:0835002:266,10,6582713.04,296847.81
47:20:0835002:266,11,6582652.87,296861.94
47:20:0835002:266,12,6582586.59,296877.51
47:20:0835002:266,13,6582503.79,296896.97
47:20:0835002:266,14,6582457.03,296907.94
47:20:0835002:266,15,6582460.67,296921.90
47:20:0835002:266,16,6582417.11,296933.23
47:20:0835002:266,17,6582413.64,296920.01
47:20:0835002:266,18,6582206.44,296975.55
47:20:0835002:266,19,6581669.60,297127.43
47:20:0835002:266,20,6581606.78,297149.10
47:20:0835002:266,21,6581567.23,297162.58
47:20:0835002:266,22,6581504.71,297183.24
47:20:0835002:266,23,6581464.15,297197
47:20:0835002:266,24,6581419.85,297212.55
47:20:0835002:266,25,6581405.21,297207.72
47:20:0835002:266,26,6581324.59,297200.76
47:20:0835002:266,27,6581385.25,297184.18
47:20:0835002:266,28,6581422.02,297173.43
47:20:0835002:266,29,6581544.46,297138.53
47:20:0835002:266,30,6581556.66,297156.49
47:20:0835002:266,31,6581568.55,297153.13
47:20:0835002:266,32,6581569.55,297131.44
47:20:0835002:266,33,6581646.68,297109.66
47:20:0835002:266,34,6581933.03,297028.80
47:20:0835002:266,35,6581957.48,297022.35
47:20:0835002:266,36,6582090.16,296987.36
47:20:0835002:266,37,6582187.38,296958.84
47:20:0835002:266,38,6582192.19,296977.59
47:20:0835002:266,39,6582290.73,296949.33
47:20:0835002:266,40,6582316.09,296942.12
47:20:0835002:266,41,6582408.21,296916.97
47:20:0835002:266,42,6582402.18,296895.84
47:20:0835002:266,43,6582412.97,296892.67
47:20:0835002:266,44,6582617.83,296843.68
47:20:0835002:266,45,6582683.54,296827.97
47:20:0835002:266,46,6582737.51,296815.38
47:20:0835002:266,47,6582829.06,296796.67
47:20:0835002:266,48,6582837.70,296795.14
47:20:0835002:266,49,6582928.57,296778.99
47:20:0835002:266,1,6583063.25,296755.20
47:20:0835002:267,1,6583912.38,298657.09
47:20:0835002:267,2,6583859.09,298837.19
47:20:0835002:267,3,6583702.65,298790.51
47:20:0835002:267,4,6583765.83,298605.66
47:20:0835002:267,1,6583912.38,298657.09
47:20:0835002:268,1,6583859.09,298837.19
47:20:0835002:268,2,6583793.21,299149
47:20:0835002:268,3,6583590.14,299119.71
47:20:0835002:268,4,6583702.65,298790.51
47:20:0835002:268,1,6583859.09,298837.19
47:20:0835002:269,1,6583816.98,298456.01
47:20:0835002:269,2,6583765.83,298605.66
47:20:0835002:269,3,6583702.65,298790.51
47:20:0835002:269,4,6583590.14,299119.71
47:20:0835002:269,5,6583468.54,299118.05
47:20:0835002:269,6,6583477.53,298957.42
47:20:0835002:269,7,6583481.76,298941.19
47:20:0835002:269,8,6583516.71,298896.71
47:20:0835002:269,9,6583539.60,298863.32
47:20:0835002:269,10,6583590.88,298796.87
47:20:0835002:269,11,6583610.42,298749.79
47:20:0835002:269,12,6583615.30,298730.70
47:20:0835002:269,13,6583620.60,298680.03
47:20:0835002:269,14,6583628.79,298618.45
47:20:0835002:269,15,6583633.05,298531.42
47:20:0835002:269,16,6583635.28,298516.59
47:20:0835002:269,17,6583637.60,298511.07
47:20:0835002:269,18,6583641.44,298505.63
47:20:0835002:269,19,6583646.96,298501.39
47:20:0835002:269,20,6583651.73,298499.50
47:20:0835002:269,21,6583680.40,298476.07
47:20:0835002:269,22,6583733.15,298435.49
47:20:0835002:269,1,6583816.98,298456.01
47:20:0835002:270,1,6581066.84,297387.51
47:20:0835002:270,2,6581043.31,297394.89
47:20:0835002:270,3,6581050.56,297418.27
47:20:0835002:270,4,6581071.60,297425.16
47:20:0835002:270,5,6581078.03,297423.16
47:20:0835002:270,1,6581066.84,297387.51
47:20:0835002:271,1,6581307.92,297212.06
47:20:0835002:271,2,6581322.29,297214.18
47:20:0835002:271,3,6581334.96,297218.63
47:20:0835002:271,4,6581291.10,297233.03
47:20:0835002:271,5,6581282.86,297251.96
47:20:0835002:271,6,6581258.17,297260.36
47:20:0835002:271,7,6581248.36,297264.37
47:20:0835002:271,8,6581228.06,297270.60
47:20:0835002:271,9,6581212.85,297275.46
47:20:0835002:271,10,6581188.52,297283.05
47:20:0835002:271,11,6581175.30,297286.76
47:20:0835002:271,12,6581161.91,297290.56
47:20:0835002:271,13,6581150.14,297293.90
47:20:0835002:271,14,6581137.95,297297.41
47:20:0835002:271,15,6581125.80,297300.90
47:20:0835002:271,16,6581118.18,297303.14
47:20:0835002:271,17,6581106.99,297306.33
47:20:0835002:271,18,6581089.71,297311.08
47:20:0835002:271,19,6581066.77,297317.35
47:20:0835002:271,20,6581035.26,297326.26
47:20:0835002:271,21,6581002.57,297335.94
47:20:0835002:271,22,6580988.85,297340.09
47:20:0835002:271,23,6580971.04,297346.96
47:20:0835002:271,24,6580950.73,297355.68
47:20:0835002:271,25,6580927.21,297365.57
47:20:0835002:271,26,6580915.90,297381.48
47:20:0835002:271,27,6580939.28,297373.26
47:20:0835002:271,28,6580962.28,297375.44
47:20:0835002:271,29,6580995.19,297393.09
47:20:0835002:271,30,6580987.65,297410.37
47:20:0835002:271,31,6580950.45,297404.77
47:20:0835002:271,32,6580937.13,297407.10
47:20:0835002:271,33,6580926.74,297414.82
47:20:0835002:271,34,6580906.52,297438.04
47:20:0835002:271,35,6580886.02,297463.57
47:20:0835002:271,36,6580871.02,297480.70
47:20:0835002:271,37,6580847.48,297491.87
47:20:0835002:271,38,6580823.65,297493.58
47:20:0835002:271,39,6580813.26,297489.91
47:20:0835002:271,40,6580801.15,297485.63
47:20:0835002:271,41,6580788.51,297477.39
47:20:0835002:271,42,6580784.10,297477.62
47:20:0835002:271,43,6580778.45,297472.64
47:20:0835002:271,44,6580770.20,297467.63
47:20:0835002:271,45,6580766.39,297466.12
47:20:0835002:271,46,6580762.29,297466.57
47:20:0835002:271,47,6580757.78,297468.57
47:20:0835002:271,48,6580751.17,297472.35
47:20:0835002:271,49,6580739.23,297479.26
47:20:0835002:271,50,6580732.75,297483.67
47:20:0835002:271,51,6580723.93,297489.68
47:20:0835002:271,52,6580716.63,297493.49
47:20:0835002:271,53,6580687.49,297508.44
47:20:0835002:271,54,6580666.66,297520.36
47:20:0835002:271,55,6580645.72,297531.91
47:20:0835002:271,56,6580645.87,297530.44
47:20:0835002:271,57,6580657.91,297523.68
47:20:0835002:271,58,6580669.81,297516.72
47:20:0835002:271,59,6580673.23,297514.68
47:20:0835002:271,60,6580676.67,297512.61
47:20:0835002:271,61,6580680.10,297510.50
47:20:0835002:271,62,6580683.51,297508.40
47:20:0835002:271,63,6580686.91,297506.28
47:20:0835002:271,64,6580690.30,297504.15
47:20:0835002:271,65,6580693.67,297502.02
47:20:0835002:271,66,6580697.04,297499.87
47:20:0835002:271,67,6580700.39,297497.70
47:20:0835002:271,68,6580703.73,297495.54
47:20:0835002:271,69,6580707.05,297493.37
47:20:0835002:271,70,6580713.68,297489
47:20:0835002:271,71,6580716.97,297486.80
47:20:0835002:271,72,6580720.26,297484.60
47:20:0835002:271,73,6580723.53,297482.39
47:20:0835002:271,74,6580726.80,297480.18
47:20:0835002:271,75,6580730.05,297477.96
47:20:0835002:271,76,6580733.30,297475.74
47:20:0835002:271,77,6580736.54,297473.52
47:20:0835002:271,78,6580739.77,297471.30
47:20:0835002:271,79,6580743,297469.07
47:20:0835002:271,80,6580746.22,297466.84
47:20:0835002:271,81,6580749.43,297464.61
47:20:0835002:271,82,6580752.62,297462.39
47:20:0835002:271,83,6580755.82,297460.15
47:20:0835002:271,84,6580764.74,297453.90
47:20:0835002:271,85,6580775.06,297468.62
47:20:0835002:271,86,6580793.50,297455.73
47:20:0835002:271,87,6580811.96,297442.87
47:20:0835002:271,88,6580801.73,297428.07
47:20:0835002:271,89,6580825.28,297412.05
47:20:0835002:271,90,6580828.43,297409.94
47:20:0835002:271,91,6580831.58,297407.85
47:20:0835002:271,92,6580834.73,297405.78
47:20:0835002:271,93,6580837.88,297403.72
47:20:0835002:271,94,6580840.97,297401.72
47:20:0835002:271,95,6580858.54,297390.59
47:20:0835002:271,96,6580876.39,297379.92
47:20:0835002:271,97,6580912.86,297388.36
47:20:0835002:271,98,6580918.06,297358.81
47:20:0835002:271,99,6580916.12,297358.38
47:20:0835002:271,100,6580921.09,297355.89
47:20:0835002:271,101,6580915.88,297345.38
47:20:0835002:271,102,6580942.55,297328.53
47:20:0835002:271,103,6580943.45,297325.53
47:20:0835002:271,104,6580979.70,297310.50
47:20:0835002:271,105,6580991.27,297306.15
47:20:0835002:271,106,6580993.09,297305.48
47:20:0835002:271,107,6580996.66,297304.18
47:20:0835002:271,108,6581000.25,297302.91
47:20:0835002:271,109,6581003.84,297301.64
47:20:0835002:271,110,6581007.44,297300.39
47:20:0835002:271,111,6581011.05,297299.16
47:20:0835002:271,112,6581014.66,297297.93
47:20:0835002:271,113,6581018.28,297296.72
47:20:0835002:271,114,6581021.91,297295.53
47:20:0835002:271,115,6581025.55,297294.34
47:20:0835002:271,116,6581029.19,297293.17
47:20:0835002:271,117,6581032.83,297292
47:20:0835002:271,118,6581036.48,297290.85
47:20:0835002:271,119,6581040.14,297289.71
47:20:0835002:271,120,6581043.80,297288.57
47:20:0835002:271,121,6581047.47,297287.45
47:20:0835002:271,122,6581051.14,297286.33
47:20:0835002:271,123,6581054.82,297285.22
47:20:0835002:271,124,6581058.50,297284.11
47:20:0835002:271,125,6581062.18,297283.01
47:20:0835002:271,126,6581065.87,297281.92
47:20:0835002:271,127,6581069.56,297280.84
47:20:0835002:271,128,6581073.26,297279.75
47:20:0835002:271,129,6581076.96,297278.67
47:20:0835002:271,130,6581080.67,297277.60
47:20:0835002:271,131,6581084.37,297276.53
47:20:0835002:271,132,6581088.08,297275.46
47:20:0835002:271,133,6581091.79,297274.39
47:20:0835002:271,134,6581095.51,297273.32
47:20:0835002:271,135,6581099.22,297272.25
47:20:0835002:271,136,6581102.94,297271.19
47:20:0835002:271,137,6581214.47,297239.10
47:20:0835002:271,138,6581243.88,297229.78
47:20:0835002:271,1,6581307.92,297212.06
47:20:0835002:272,1,6581281.60,297210.65
47:20:0835002:272,2,6581305.61,297211.75
47:20:0835002:272,3,6581308.57,297211.88
47:20:0835002:272,4,6581307.92,297212.06
47:20:0835002:272,5,6581243.88,297229.78
47:20:0835002:272,6,6581214.47,297239.10
47:20:0835002:272,7,6581102.94,297271.19
47:20:0835002:272,8,6581099.22,297272.25
47:20:0835002:272,9,6581095.51,297273.32
47:20:0835002:272,10,6581091.79,297274.39
47:20:0835002:272,11,6581088.08,297275.46
47:20:0835002:272,12,6581084.37,297276.53
47:20:0835002:272,13,6581080.67,297277.60
47:20:0835002:272,14,6581076.96,297278.67
47:20:0835002:272,15,6581073.26,297279.75
47:20:0835002:272,16,6581069.56,297280.84
47:20:0835002:272,17,6581065.87,297281.92
47:20:0835002:272,18,6581062.18,297283.01
47:20:0835002:272,19,6581058.50,297284.11
47:20:0835002:272,20,6581054.82,297285.22
47:20:0835002:272,21,6581051.14,297286.33
47:20:0835002:272,22,6581047.47,297287.45
47:20:0835002:272,23,6581043.80,297288.57
47:20:0835002:272,24,6581040.14,297289.71
47:20:0835002:272,25,6581036.48,297290.85
47:20:0835002:272,26,6581032.83,297292
47:20:0835002:272,27,6581029.19,297293.17
47:20:0835002:272,28,6581025.55,297294.34
47:20:0835002:272,29,6581021.91,297295.53
47:20:0835002:272,30,6581018.28,297296.72
47:20:0835002:272,31,6581014.66,297297.93
47:20:0835002:272,32,6581011.05,297299.16
47:20:0835002:272,33,6581007.44,297300.39
47:20:0835002:272,34,6581003.84,297301.64
47:20:0835002:272,35,6581000.25,297302.91
47:20:0835002:272,36,6580996.66,297304.18
47:20:0835002:272,37,6580993.09,297305.48
47:20:0835002:272,38,6580991.27,297306.15
47:20:0835002:272,39,6580979.70,297310.50
47:20:0835002:272,40,6580943.45,297325.53
47:20:0835002:272,41,6580945,297320.35
47:20:0835002:272,42,6581083.84,297275.20
47:20:0835002:272,43,6581094.95,297271.33
47:20:0835002:272,44,6581099.57,297267.53
47:20:0835002:272,45,6581114.18,297258.37
47:20:0835002:272,46,6581217.73,297227.38
47:20:0835002:272,47,6581241.31,297219.92
47:20:0835002:272,1,6581281.60,297210.65
47:20:0835002:273,1,6581324.59,297200.76
47:20:0835002:273,2,6581343.01,297202.35
47:20:0835002:273,3,6581322.76,297207.95
47:20:0835002:273,4,6581308.57,297211.88
47:20:0835002:273,5,6581305.61,297211.75
47:20:0835002:273,6,6581281.60,297210.65
47:20:0835002:273,1,6581324.59,297200.76
47:20:0835002:275,1,6580478.45,297579.23
47:20:0835002:275,2,6580483.33,297598.96
47:20:0835002:275,3,6580489.34,297597.44
47:20:0835002:275,4,6580495.77,297613.68
47:20:0835002:275,5,6580477.36,297619.67
47:20:0835002:275,6,6580471.50,297602.65
47:20:0835002:275,7,6580419.55,297618.08
47:20:0835002:275,8,6580304.35,297651.64
47:20:0835002:275,9,6580305.90,297638.66
47:20:0835002:275,10,6580444.13,297590.22
47:20:0835002:275,11,6580442.73,297585.82
47:20:0835002:275,12,6580470.13,297577.80
47:20:0835002:275,1,6580478.45,297579.23
47:20:0835002:276,1,6581313.85,300103.36
47:20:0835002:276,2,6581275.18,300179.27
47:20:0835002:276,3,6581356.44,300229.92
47:20:0835002:276,4,6581405.38,300260.16
47:20:0835002:276,5,6581402.23,300265.26
47:20:0835002:276,6,6581353.27,300235.01
47:20:0835002:276,7,6581267.34,300181.45
47:20:0835002:276,8,6581306.90,300103.78
47:20:0835002:276,1,6581313.85,300103.36
47:20:0835002:277,1,6581358.36,297210.91
47:20:0835002:277,2,6581334.94,297218.61
47:20:0835002:277,3,6581322.29,297214.18
47:20:0835002:277,4,6581307.92,297212.06
47:20:0835002:277,5,6581322.76,297207.95
47:20:0835002:277,6,6581345.69,297208.48
47:20:0835002:277,7,6581356.36,297210.21
47:20:0835002:277,1,6581358.36,297210.91
47:20:0835002:278,1,6581358.35,297210.91
47:20:0835002:278,2,6581400.03,297225.49
47:20:0835002:278,3,6581460.09,297278.10
47:20:0835002:278,4,6581490.24,297328.49
47:20:0835002:278,5,6581501.78,297469.10
47:20:0835002:278,6,6581486.65,297466.72
47:20:0835002:278,7,6581475.58,297333.15
47:20:0835002:278,8,6581448.43,297287.83
47:20:0835002:278,9,6581392.33,297238.69
47:20:0835002:278,10,6581334.94,297218.61
47:20:0835002:278,1,6581358.35,297210.91
47:20:0835002:279,1,6586300.55,297385.83
47:20:0835002:279,2,6586315.44,297413.54
47:20:0835002:279,3,6586345.97,297468.81
47:20:0835002:279,4,6586381.73,297534.68
47:20:0835002:279,5,6586416.60,297599.30
47:20:0835002:279,6,6586463.95,297685.57
47:20:0835002:279,7,6586155.75,297888.05
47:20:0835002:279,8,6586042.12,297677.24
47:20:0835002:279,9,6586084.80,297620.50
47:20:0835002:279,10,6586123.90,297568.58
47:20:0835002:279,11,6586140.34,297546.52
47:20:0835002:279,12,6586152.75,297528.33
47:20:0835002:279,13,6586165.99,297504.91
47:20:0835002:279,14,6586179.84,297485.28
47:20:0835002:279,15,6586197.12,297455.68
47:20:0835002:279,16,6586205.10,297449.29
47:20:0835002:279,17,6586242.70,297421.17
47:20:0835002:279,18,6586268.80,297403.58
47:20:0835002:279,1,6586300.55,297385.83
47:20:0835002:284,1,6587164.57,299558.84
47:20:0835002:284,2,6587181.37,299717.24
47:20:0835002:284,3,6586999.18,299695.94
47:20:0835002:284,4,6586982.38,299537.55
47:20:0835002:284,1,6587164.57,299558.84
47:20:0835002:285,1,6583990.71,298287.59
47:20:0835002:285,2,6583932.20,298487.07
47:20:0835002:285,3,6583816.98,298456.01
47:20:0835002:285,4,6583733.15,298435.49
47:20:0835002:285,5,6583812.21,298368.67
47:20:0835002:285,6,6583864.35,298295.47
47:20:0835002:285,7,6583885.41,298261.25
47:20:0835002:285,1,6583990.71,298287.59
47:20:0835002:286,1,6581205.78,297463.60
47:20:0835002:286,2,6581209.25,297523.79
47:20:0835002:286,3,6581172.26,297536.60
47:20:0835002:286,4,6581247.15,297624
47:20:0835002:286,5,6581327.60,297698.88
47:20:0835002:286,6,6581443.27,297660.19
47:20:0835002:286,7,6581456.30,297601.63
47:20:0835002:286,8,6581514.87,297614.66
47:20:0835002:286,9,6581503.73,297664.72
47:20:0835002:286,10,6581690.83,297628.43
47:20:0835002:286,11,6581731.03,297505.21
47:20:0835002:286,12,6581719.20,297503.28
47:20:0835002:286,13,6581400.80,297453.22
47:20:0835002:286,14,6581331.11,297456.13
47:20:0835002:286,15,6581269.50,297458.48
47:20:0835002:286,16,6581213.61,297460.63
47:20:0835002:286,1,6581205.78,297463.60
47:20:0835002:287,1,6581205.78,297463.60
47:20:0835002:287,2,6581133.29,297491.12
47:20:0835002:287,3,6581172.26,297536.60
47:20:0835002:287,4,6581209.25,297523.79
47:20:0835002:287,1,6581205.78,297463.60
47:20:0835002:288,1,6581868.19,299371.89
47:20:0835002:288,2,6581821.79,299491.22
47:20:0835002:288,3,6581793.48,299555.52
47:20:0835002:288,4,6581721.23,299764.17
47:20:0835002:288,5,6581496.19,299701.43
47:20:0835002:288,6,6581434.37,299686.21
47:20:0835002:288,7,6581410.94,299678.59
47:20:0835002:288,8,6581363.66,299611.26
47:20:0835002:288,9,6581409.46,299549.72
47:20:0835002:288,10,6581591.80,299282.53
47:20:0835002:288,11,6581699.17,299317.18
47:20:0835002:288,1,6581868.19,299371.89
47:20:0835002:289,1,6581409.46,299549.72
47:20:0835002:289,2,6581363.66,299611.26
47:20:0835002:289,3,6581283.54,299543.18
47:20:0835002:289,4,6581198.28,299469.92
47:20:0835002:289,5,6581246.35,299414.86
47:20:0835002:289,1,6581409.46,299549.72
47:20:0835002:291,1,6587171.57,299716.09
47:20:0835002:291,2,6587169.66,299872.41
47:20:0835002:291,3,6586999.39,299872.21
47:20:0835002:291,4,6586999.18,299695.94
47:20:0835002:291,1,6587171.57,299716.09
47:20:0835002:292,1,6587167.60,300040.81
47:20:0835002:292,2,6587165.07,300247.42
47:20:0835002:292,3,6587156.39,300295.61
47:20:0835002:292,4,6587124.73,300352.04
47:20:0835002:292,5,6587089.23,300393.68
47:20:0835002:292,6,6587018.85,300435.26
47:20:0835002:292,7,6587000.06,300444.11
47:20:0835002:292,8,6586999.59,300040.81
47:20:0835002:292,1,6587167.60,300040.81
47:20:0835002:293,1,6586855.07,300126.99
47:20:0835002:293,2,6586855.07,300510.97
47:20:0835002:293,3,6586779.86,300545.66
47:20:0835002:293,4,6586779.86,300171.84
47:20:0835002:293,1,6586855.07,300126.99
47:20:0835002:294,1,6585194.97,300759.34
47:20:0835002:294,2,6585243.97,301069.78
47:20:0835002:294,3,6585152.85,301084.26
47:20:0835002:294,4,6585103.84,300773.73
47:20:0835002:294,1,6585194.97,300759.34
47:20:0835002:295,1,6587169.66,299872.41
47:20:0835002:295,2,6587167.60,300040.81
47:20:0835002:295,3,6586999.59,300040.81
47:20:0835002:295,4,6586999.39,299872.21
47:20:0835002:295,1,6587169.66,299872.41
47:20:0835002:296,1,6585286.10,300744.96
47:20:0835002:296,2,6585335.12,301055.49
47:20:0835002:296,3,6585243.97,301069.78
47:20:0835002:296,4,6585194.97,300759.34
47:20:0835002:296,1,6585286.10,300744.96
47:20:0835002:297,1,6586999.59,300040.81
47:20:0835002:297,2,6587000.06,300444.11
47:20:0835002:297,3,6586855.07,300510.97
47:20:0835002:297,4,6586855.07,300126.99
47:20:0835002:297,1,6586999.59,300040.81
47:20:0835002:298,1,6585103.84,300773.73
47:20:0835002:298,2,6585152.85,301084.26
47:20:0835002:298,3,6585061.71,301098.55
47:20:0835002:298,4,6585012.70,300788.11
47:20:0835002:298,1,6585103.84,300773.73
47:20:0835002:299,1,6585012.70,300788.11
47:20:0835002:299,2,6585061.71,301098.55
47:20:0835002:299,3,6584879.61,301126.47
47:20:0835002:299,4,6584830.04,300817.42
47:20:0835002:299,1,6585012.70,300788.11
47:20:0835002:300,1,6586463.95,297685.57
47:20:0835002:300,2,6586702.01,298127.51
47:20:0835002:300,3,6586845.56,298389.88
47:20:0835002:300,4,6586860.87,298452.45
47:20:0835002:300,5,6586634.28,298761.60
47:20:0835002:300,6,6586240.36,298035.58
47:20:0835002:300,7,6586155.75,297888.05
47:20:0835002:300,1,6586463.95,297685.57
47:20:0835002:301,1,6585468.17,300717.14
47:20:0835002:301,2,6585517.21,301027.57
47:20:0835002:301,3,6585335.12,301055.49
47:20:0835002:301,4,6585286.10,300744.96
47:20:0835002:301,1,6585468.17,300717.14
47:20:0835002:302,1,6581132.30,297313.85
47:20:0835002:302,2,6581059.07,297331.11
47:20:0835002:302,3,6581015.70,297341.95
47:20:0835002:302,4,6581017.90,297352.69
47:20:0835002:302,5,6581026.93,297388.18
47:20:0835002:302,6,6581040.05,297384.38
47:20:0835002:302,7,6581033.90,297364.54
47:20:0835002:302,8,6581064.80,297354.98
47:20:0835002:302,9,6581063.21,297349.92
47:20:0835002:302,10,6581074.70,297346.31
47:20:0835002:302,11,6581076.32,297347.80
47:20:0835002:302,12,6581097.97,297341.02
47:20:0835002:302,13,6581097.39,297339.18
47:20:0835002:302,14,6581111.36,297334.78
47:20:0835002:302,15,6581112.29,297337.72
47:20:0835002:302,16,6581128.82,297331.57
47:20:0835002:302,17,6581133.54,297346.62
47:20:0835002:302,18,6581108.05,297354.59
47:20:0835002:302,19,6581124.81,297408.66
47:20:0835002:302,20,6581132.41,297428.13
47:20:0835002:302,21,6581149.83,297426.09
47:20:0835002:302,22,6581145.26,297384.39
47:20:0835002:302,23,6581140.93,297352.52
47:20:0835002:302,1,6581132.30,297313.85
47:20:0835002:303,1,6581153.25,297444.91
47:20:0835002:303,2,6581139.88,297447.26
47:20:0835002:303,3,6581153.94,297483.29
47:20:0835002:303,4,6581205.79,297463.60
47:20:0835002:303,5,6581204.52,297447.18
47:20:0835002:303,6,6581156.86,297455.35
47:20:0835002:303,1,6581153.25,297444.91
47:20:0835002:304,1,6581133.29,297491.12
47:20:0835002:304,2,6581123.94,297494.67
47:20:0835002:304,3,6581145.16,297546.13
47:20:0835002:304,4,6581172.26,297536.60
47:20:0835002:304,1,6581133.29,297491.12
47:20:0835002:305,1,6581119.18,297410.39
47:20:0835002:305,2,6581071.60,297425.16
47:20:0835002:305,3,6581088.37,297428.37
47:20:0835002:305,4,6581126.37,297428.89
47:20:0835002:305,1,6581119.18,297410.39
47:20:0000000:14245,1,6580847.48,297491.87
47:20:0000000:14245,2,6580871.02,297480.70
47:20:0000000:14245,3,6580886.02,297463.57
47:20:0000000:14245,4,6580906.52,297438.04
47:20:0000000:14245,5,6580926.74,297414.82
47:20:0000000:14245,6,6580937.13,297407.10
47:20:0000000:14245,7,6580950.45,297404.77
47:20:0000000:14245,8,6580987.65,297410.37
47:20:0000000:14245,9,6580988.29,297412.55
47:20:0000000:14245,10,6580943.24,297530.35
47:20:0000000:14245,11,6580892.45,297535.23
47:20:0000000:14245,12,6580831.32,297493.03
47:20:0000000:14245,1,6580847.48,297491.87
47:20:0000000:14567,1,6582026.69,299496.11
47:20:0000000:14567,2,6581976.92,299594.24
47:20:0000000:14567,3,6581954.75,299637.94
47:20:0000000:14567,4,6581857.48,299594.73
47:20:0000000:14567,5,6581862.98,299581.51
47:20:0000000:14567,6,6581793.48,299555.52
47:20:0000000:14567,7,6581821.79,299491.22
47:20:0000000:14567,8,6581951.58,299457.73
47:20:0000000:14567,1,6582026.69,299496.11
